INSERT INTO m_country(id, country, country_remote) VALUES (1,'Russia',true);
INSERT INTO m_country(id, country, country_remote) VALUES (2,'England',true);
INSERT INTO m_country(id, country, country_remote) VALUES (3,'Italy',true);
INSERT INTO m_country(id, country, country_remote) VALUES (4,'France',true);
INSERT INTO m_country(id, country, country_remote) VALUES (5,'Ukraine',true);
INSERT INTO m_country(id, country, country_remote) VALUES (6,'Finland',true);
INSERT INTO m_country(id, country, country_remote) VALUES (7,'Sweden',true);
INSERT INTO m_country(id, country, country_remote) VALUES (8,'Norway',true);
INSERT INTO m_country(id, country, country_remote) VALUES (9,'Denmark',true);
INSERT INTO m_country(id, country, country_remote) VALUES (10,'Poland',true);
INSERT INTO m_country(id, country, country_remote) VALUES (11,'Germany',true);
INSERT INTO m_country(id, country, country_remote) VALUES (12,'Spain',true);
INSERT INTO m_country(id, country, country_remote) VALUES (13,'Portugal',true);
INSERT INTO m_country(id, country, country_remote) VALUES (14,'Austria',true);
INSERT INTO m_country(id, country, country_remote) VALUES (15,'Czech Republic',true);
INSERT INTO m_country(id, country, country_remote) VALUES (16,'Slovakia',true);
INSERT INTO m_country(id, country, country_remote) VALUES (17,'Bulgaria',true);
INSERT INTO m_country(id, country, country_remote) VALUES (18,'Turkey',true);

INSERT INTO m_town(id, town, id_country, town_remote) VALUES (1,'Moscow',1,true);
INSERT INTO m_town(id, town, id_country, town_remote) VALUES (2,'Peter',1,true);
INSERT INTO m_town(id, town, id_country, town_remote) VALUES (3,'Samara',1,true);
INSERT INTO m_town(id, town, id_country, town_remote) VALUES (4,'London',2,true);
INSERT INTO m_town(id, town, id_country, town_remote) VALUES (5,'Manchester',2,true);
INSERT INTO m_town(id, town, id_country, town_remote) VALUES (6,'Roma',3,true);
INSERT INTO m_town(id, town, id_country, town_remote) VALUES (7,'Torino',3,true);
INSERT INTO m_town(id, town, id_country, town_remote) VALUES (8,'Milano',3,true);
INSERT INTO m_town(id, town, id_country, town_remote) VALUES (9,'Bari',3,true);
INSERT INTO m_town(id, town, id_country, town_remote) VALUES (10,'Lyon',4,true);
INSERT INTO m_town(id, town, id_country, town_remote) VALUES (11,'Paris',4,true);
INSERT INTO m_town(id, town, id_country, town_remote) VALUES (12,'Toulouse',4,true);
INSERT INTO m_town(id, town, id_country, town_remote) VALUES (13,'Kiev',5,true);
INSERT INTO m_town(id, town, id_country, town_remote) VALUES (14,'Lions',5,true);
INSERT INTO m_town(id, town, id_country, town_remote) VALUES (15,'Helsinki',6,true);
INSERT INTO m_town(id, town, id_country, town_remote) VALUES (16,'Tampere',6,true);
INSERT INTO m_town(id, town, id_country, town_remote) VALUES (17,'Stockholm',7,true);
INSERT INTO m_town(id, town, id_country, town_remote) VALUES (18,'Goterborg',7,true);
INSERT INTO m_town(id, town, id_country, town_remote) VALUES (19,'Oslo',8,true);
INSERT INTO m_town(id, town, id_country, town_remote) VALUES (20,'Bergen',8,true);
INSERT INTO m_town(id, town, id_country, town_remote) VALUES (21,'Kopenhavn',9,true);
INSERT INTO m_town(id, town, id_country, town_remote) VALUES (22,'Malmo',9,true);
INSERT INTO m_town(id, town, id_country, town_remote) VALUES (23,'Warszawa',10,true);
INSERT INTO m_town(id, town, id_country, town_remote) VALUES (24,'Lublin',10,true);
INSERT INTO m_town(id, town, id_country, town_remote) VALUES (25,'Berlin',11,true);
INSERT INTO m_town(id, town, id_country, town_remote) VALUES (26,'Koln',11,true);
INSERT INTO m_town(id, town, id_country, town_remote) VALUES (27,'Hamburg',11,true);
INSERT INTO m_town(id, town, id_country, town_remote) VALUES (28,'Madrid',12,true);
INSERT INTO m_town(id, town, id_country, town_remote) VALUES (29,'Sevilla',12,true);
INSERT INTO m_town(id, town, id_country, town_remote) VALUES (30,'Barselona',12,true);
INSERT INTO m_town(id, town, id_country, town_remote) VALUES (31,'Lisboa',13,true);
INSERT INTO m_town(id, town, id_country, town_remote) VALUES (32,'Porto',13,true);
INSERT INTO m_town(id, town, id_country, town_remote) VALUES (33,'Wien',14,true);
INSERT INTO m_town(id, town, id_country, town_remote) VALUES (34,'Graz',14,true);
INSERT INTO m_town(id, town, id_country, town_remote) VALUES (35,'Praha',15,true);
INSERT INTO m_town(id, town, id_country, town_remote) VALUES (36,'Brno',15,true);
INSERT INTO m_town(id, town, id_country, town_remote) VALUES (37,'Bratislava',16,true);
INSERT INTO m_town(id, town, id_country, town_remote) VALUES (38,'Kosice',16,true);
INSERT INTO m_town(id, town, id_country, town_remote) VALUES (39,'Sofia',17,true);
INSERT INTO m_town(id, town, id_country, town_remote) VALUES (40,'Warna',17,true);
INSERT INTO m_town(id, town, id_country, town_remote) VALUES (41,'Ankara',18,true);
INSERT INTO m_town(id, town, id_country, town_remote) VALUES (42,'Kayseri',18,true);
INSERT INTO m_town(id, town, id_country, town_remote) VALUES (43,'Antalya',18,true);

INSERT INTO m_authenticate(id, login, password, email, profile_close, profile_remote) VALUES (1,'user1','$2a$10$Pjxx.YYDyO.U7UmqewYG0.0sbXdmAka4g.pm4e3Utfph5FIk8j.bK','user1@mail.ru',true,true);
INSERT INTO m_authenticate(id, login, password, email, profile_close, profile_remote) VALUES (2,'user2','$2a$10$Pjxx.YYDyO.U7UmqewYG0.0sbXdmAka4g.pm4e3Utfph5FIk8j.bK','user2@mail.ru',true,true);
INSERT INTO m_authenticate(id, login, password, email, profile_close, profile_remote) VALUES (3,'user3','$2a$10$Pjxx.YYDyO.U7UmqewYG0.0sbXdmAka4g.pm4e3Utfph5FIk8j.bK','user3@mail.ru',true,true);
INSERT INTO m_authenticate(id, login, password, email, profile_close, profile_remote) VALUES (4,'user4','$2a$10$Pjxx.YYDyO.U7UmqewYG0.0sbXdmAka4g.pm4e3Utfph5FIk8j.bK','user4@mail.ru',true,true);

INSERT INTO m_roles(id, user_id, type_role) VALUES (1,1,'ROLE_USER');
INSERT INTO m_roles(id, user_id, type_role) VALUES (2,2,'ROLE_USER');
INSERT INTO m_roles(id, user_id, type_role) VALUES (3,3,'ROLE_ADMIN');
INSERT INTO m_roles(id, user_id, type_role) VALUES (4,4,'ROLE_COMPANY');

INSERT INTO m_company (id, name_company, reting, telephone, email, id_town, id_authenticate, company_remote) VALUES (1, 'europcar', 5, '423', 'europcar', 1, 4, true);
INSERT INTO m_company (id, name_company, reting, telephone, email, id_town, id_authenticate, company_remote) VALUES (2, 'holylandcars', 3, '65', 'holylandcars', 2, 4, true);
INSERT INTO m_company (id, name_company, reting, telephone, email, id_town, id_authenticate, company_remote) VALUES (3, 'carsskaner', 2, '4765', 'carsskaner', 3, 4, true);
INSERT INTO m_company (id, name_company, reting, telephone, email, id_town, id_authenticate, company_remote) VALUES (4, 'bookingcar', 6, '64', 'bookingcar', 4, 4, true);
INSERT INTO m_company (id, name_company, reting, telephone, email, id_town, id_authenticate, company_remote) VALUES (5, 'myrentauto', 4, '5435', 'myrentauto', 5, 4, true);
INSERT INTO m_company (id, name_company, reting, telephone, email, id_town, id_authenticate, company_remote) VALUES (6, 'jauto', 3, '6547', 'jauto', 6, 4, true);
INSERT INTO m_company (id, name_company, reting, telephone, email, id_town, id_authenticate, company_remote) VALUES (7, 'travellast', 6, '436', 'travellast', 7, 4, true);
INSERT INTO m_company (id, name_company, reting, telephone, email, id_town, id_authenticate, company_remote) VALUES (8, 'avisrussian', 3, '4324', 'avisrussian', 8, 4, true);
INSERT INTO m_company (id, name_company, reting, telephone, email, id_town, id_authenticate, company_remote) VALUES (9, 'Procatauto', 4, '432', 'Procatauto', 9, 4, true);
INSERT INTO m_company (id, name_company, reting, telephone, email, id_town, id_authenticate, company_remote) VALUES (10, 'RentalCars', 2, '4234', 'RentalCars', 10, 4, true);

INSERT INTO m_car (id, name_car, type_fuel, col_doors, col_people, mileage, make_car, type_car, id_company, price, car_remote) VALUES (4, 'tiguan', 'petrol', 3, 2, 34, 'volkswagen', 'premium', 1, 62, true);
INSERT INTO m_car (id, name_car, type_fuel, col_doors, col_people, mileage, make_car, type_car, id_company, price, car_remote) VALUES (8, 'elenta', 'electro', 5, 4, 32, 'hundai', 'economy', 2, 33, true);
INSERT INTO m_car (id, name_car, type_fuel, col_doors, col_people, mileage, make_car, type_car, id_company, price, car_remote) VALUES (7, 'cretta', 'electro', 3, 2, 43, 'hundai', 'premium', 3, 44, true);
INSERT INTO m_car (id, name_car, type_fuel, col_doors, col_people, mileage, make_car, type_car, id_company, price, car_remote) VALUES (5, 'rapid', 'petrol', 5, 4, 543, 'skoda', 'premium', 4, 44, true);
INSERT INTO m_car (id, name_car, type_fuel, col_doors, col_people, mileage, make_car, type_car, id_company, price, car_remote) VALUES (2, 'solaris', 'petrol', 5, 4, 435, 'hundai', 'economy', 5, 67, true);
INSERT INTO m_car (id, name_car, type_fuel, col_doors, col_people, mileage, make_car, type_car, id_company, price, car_remote) VALUES (17, 'dsf', 'rer', 2, 2, 323, 'feds', 'few', 6, 5, true);
INSERT INTO m_car (id, name_car, type_fuel, col_doors, col_people, mileage, make_car, type_car, id_company, price, car_remote) VALUES (13, 'golf', 'petrol', 5, 4, 35, 'volkswagen', 'standard', 7, 62, true);
INSERT INTO m_car (id, name_car, type_fuel, col_doors, col_people, mileage, make_car, type_car, id_company, price, car_remote) VALUES (12, 'golf', 'electro', 3, 2, 4234, 'volkswagen', 'economy', 8, 48, true);
INSERT INTO m_car (id, name_car, type_fuel, col_doors, col_people, mileage, make_car, type_car, id_company, price, car_remote) VALUES (11, 'touran', 'petrol', 3, 2, 5646, 'volkswagen', 'premium', 9, 33, true);
INSERT INTO m_car (id, name_car, type_fuel, col_doors, col_people, mileage, make_car, type_car, id_company, price, car_remote) VALUES (16, 'polo', 'petrol', 5, 4, 325, 'volkswagen', 'economy', 10, 36, true);
INSERT INTO m_car (id, name_car, type_fuel, col_doors, col_people, mileage, make_car, type_car, id_company, price, car_remote) VALUES (6, 'superB', 'electro', 3, 2, 5, 'skoda', 'economy', 1, 32, true);
INSERT INTO m_car (id, name_car, type_fuel, col_doors, col_people, mileage, make_car, type_car, id_company, price, car_remote) VALUES (15, 'jetta', 'petrol', 3, 2, 23532, 'volkswagen', 'economy', 2, 48, true);
INSERT INTO m_car (id, name_car, type_fuel, col_doors, col_people, mileage, make_car, type_car, id_company, price, car_remote) VALUES (9, 'tuareg', 'petrol', 5, 4, 423, 'volkswagen', 'premium', 3, 33, true);
INSERT INTO m_car (id, name_car, type_fuel, col_doors, col_people, mileage, make_car, type_car, id_company, price, car_remote) VALUES (14, 'solaris', 'electro', 3, 2, 2345, 'hundai', 'economy', 4, 31, true);
INSERT INTO m_car (id, name_car, type_fuel, col_doors, col_people, mileage, make_car, type_car, id_company, price, car_remote) VALUES (10, 'rapid', 'petrol', 3, 2, 4324, 'skoda', 'standard', 5, 56, true);
INSERT INTO m_car (id, name_car, type_fuel, col_doors, col_people, mileage, make_car, type_car, id_company, price, car_remote) VALUES (3, 'rio', 'electro', 5, 4, 435, 'kia', 'standard', 6, 68, true);


